Group Name,Member UserName,Member Name,AccountType
Domain Users,Administrator,Administrator,user
Exchange Admins,Administrator,Administrator,user
Group Policy Creator Owners,Administrator,Administrator,user
Domain Admins,Administrator,Administrator,user
Enterprise Admins,Administrator,Administrator,user
Schema Admins,Administrator,Administrator,user
Administrators,Administrator,Administrator,user
Domain Guests,Guest,Guest,user
Guests,Guest,Guest,user
Domain Controllers,DC1$,DC1,computer
Domain Users,krbtgt,krbtgt,user
Denied RODC Password Replication Group,krbtgt,krbtgt,user
Denied RODC Password Replication Group,-,Domain Controllers,group
Denied RODC Password Replication Group,-,Schema Admins,group
Denied RODC Password Replication Group,-,Enterprise Admins,group
Administrators,-,Enterprise Admins,group
Denied RODC Password Replication Group,-,Cert Publishers,group
Users,-,Domain Users,group
Guests,-,Domain Guests,group
Denied RODC Password Replication Group,-,Group Policy Creator Owners,group
Exchange Admins,-,Domain Admins,group
DB Admins,-,Domain Admins,group
Denied RODC Password Replication Group,-,Domain Admins,group
Administrators,-,Domain Admins,group
Denied RODC Password Replication Group,-,Read-only Domain Controllers,group
Domain Computers,WIN10-PC$,WIN10-PC,computer
Domain Users,test,Test User,user
Administrators,test,Test User,user
Domain Users,enrica.brinn,Enrica Brinn,user
Domain Users,ania.flori,Ania Flori,user
Domain Users,alexina.cosette,Alexina Cosette,user
Domain Users,kirsten.sukey,Kirsten Sukey,user
Domain Users,madelle.hermina,Madelle Hermina,user
Domain Users,feliza.ashil,Feliza Ashil,user
Office Admin,feliza.ashil,Feliza Ashil,user
Domain Users,francoise.jolyn,Francoise Jolyn,user
IT Admins,francoise.jolyn,Francoise Jolyn,user
Domain Users,margaretta.goldy,Margaretta Goldy,user
Domain Users,avrit.mariel,Avrit Mariel,user
Domain Users,bonnee.kevina,Bonnee Kevina,user
Domain Users,cornelia.ellynn,Cornelia Ellynn,user
Domain Users,bernette.lemmie,Bernette Lemmie,user
Domain Users,stephenie.mignon,Stephenie Mignon,user
sales,stephenie.mignon,Stephenie Mignon,user
Domain Users,janaye.nadeen,Janaye Nadeen,user
Domain Users,mona.aliza,Mona Aliza,user
marketing,mona.aliza,Mona Aliza,user
Domain Users,lorne.lilah,Lorne Lilah,user
Office Admin,lorne.lilah,Lorne Lilah,user
Domain Users,delora.juanita,Delora Juanita,user
Senior management,delora.juanita,Delora Juanita,user
Domain Users,carlie.dania,Carlie Dania,user
Domain Users,clemence.lotty,Clemence Lotty,user
Domain Users,friederike.marketa,Friederike Marketa,user
marketing,friederike.marketa,Friederike Marketa,user
IT Admins,friederike.marketa,Friederike Marketa,user
Domain Users,carmelita.lurline,Carmelita Lurline,user
Domain Users,ava.leda,Ava Leda,user
Domain Users,bertie.sal,Bertie Sal,user
Domain Users,jolynn.mora,Jolynn Mora,user
Domain Users,luca.clary,Luca Clary,user
IT Admins,luca.clary,Luca Clary,user
Domain Users,camille.karen,Camille Karen,user
Domain Users,jobey.shena,Jobey Shena,user
Domain Users,deerdre.maure,Deerdre Maure,user
Domain Users,sherye.kelsi,Sherye Kelsi,user
Domain Users,melanie.ardeen,Melanie Ardeen,user
Domain Users,fredi.orelie,Fredi Orelie,user
Domain Users,mira.micheline,Mira Micheline,user
Domain Users,idaline.eleni,Idaline Eleni,user
marketing,idaline.eleni,Idaline Eleni,user
Senior management,idaline.eleni,Idaline Eleni,user
Domain Users,eolanda.griselda,Eolanda Griselda,user
Domain Users,belva.lisabeth,Belva Lisabeth,user
Executives,belva.lisabeth,Belva Lisabeth,user
Domain Users,marcelia.cariotta,Marcelia Cariotta,user
Senior management,marcelia.cariotta,Marcelia Cariotta,user
Domain Users,louise.birgitta,Louise Birgitta,user
sales,louise.birgitta,Louise Birgitta,user
Domain Users,ilse.cyndy,Ilse Cyndy,user
accounting,ilse.cyndy,Ilse Cyndy,user
Project management,ilse.cyndy,Ilse Cyndy,user
Domain Users,marje.merci,Marje Merci,user
Domain Users,ernesta.bel,Ernesta Bel,user
Domain Users,kirstin.shelly,Kirstin Shelly,user
marketing,kirstin.shelly,Kirstin Shelly,user
Domain Users,ferne.chloe,Ferne Chloe,user
Office Admin,ferne.chloe,Ferne Chloe,user
Domain Users,lorena.abbe,Lorena Abbe,user
Domain Users,nicolina.marion,Nicolina Marion,user
Domain Users,nani.lindsay,Nani Lindsay,user
Domain Users,leigh.lorelle,Leigh Lorelle,user
Project management,leigh.lorelle,Leigh Lorelle,user
Domain Users,kass.adelice,Kass Adelice,user
Domain Users,roz.glenna,Roz Glenna,user
Domain Users,corilla.laurice,Corilla Laurice,user
Senior management,corilla.laurice,Corilla Laurice,user
Domain Users,peta.cori,Peta Cori,user
Domain Users,myrtice.rosemonde,Myrtice Rosemonde,user
Domain Users,renae.hilde,Renae Hilde,user
Domain Users,lind.mira,Lind Mira,user
Domain Users,donetta.cissy,Donetta Cissy,user
Domain Users,melly.neille,Melly Neille,user
Domain Users,elisabetta.charmian,Elisabetta Charmian,user
Domain Users,feliza.lucinda,Feliza Lucinda,user
Project management,feliza.lucinda,Feliza Lucinda,user
Domain Users,aloysia.dolli,Aloysia Dolli,user
Domain Users,karoline.anthe,Karoline Anthe,user
Domain Users,modesty.brandice,Modesty Brandice,user
Domain Users,francesca.dory,Francesca Dory,user
Domain Users,helen.malorie,Helen Malorie,user
Domain Users,ailene.paige,Ailene Paige,user
Domain Users,donetta.rebekah,Donetta Rebekah,user
Domain Users,anabella.lexy,Anabella Lexy,user
Domain Users,kiele.june,Kiele June,user
Office Admin,kiele.june,Kiele June,user
Domain Users,claudia.samantha,Claudia Samantha,user
Domain Users,astrix.diann,Astrix Diann,user
Domain Users,katharine.langsdon,Katharine Langsdon,user
IT Admins,katharine.langsdon,Katharine Langsdon,user
Domain Users,genevra.corene,Genevra Corene,user
Domain Users,stevena.aprilette,Stevena Aprilette,user
IT Admins,stevena.aprilette,Stevena Aprilette,user
Domain Users,angel.lindsy,Angel Lindsy,user
marketing,angel.lindsy,Angel Lindsy,user
Domain Users,eimile.sayre,Eimile Sayre,user
Domain Users,janaya.damaris,Janaya Damaris,user
Domain Users,gilberta.maybelle,Gilberta Maybelle,user
Domain Users,kippy.marena,Kippy Marena,user
Executives,kippy.marena,Kippy Marena,user
Domain Users,loren.hermione,Loren Hermione,user
Project management,loren.hermione,Loren Hermione,user
Domain Users,eliza.lizette,Eliza Lizette,user
Domain Users,charmaine.rakel,Charmaine Rakel,user
Domain Users,cheslie.alexia,Cheslie Alexia,user
Domain Users,ettie.dori,Ettie Dori,user
Office Admin,ettie.dori,Ettie Dori,user
Domain Users,patty.ericka,Patty Ericka,user
Domain Users,kore.cindee,Kore Cindee,user
Senior management,kore.cindee,Kore Cindee,user
Domain Users,mikaela.elisabeth,Mikaela Elisabeth,user
Office Admin,mikaela.elisabeth,Mikaela Elisabeth,user
Domain Users,gretna.rosalind,Gretna Rosalind,user
Domain Users,romona.alyse,Romona Alyse,user
IT Admins,romona.alyse,Romona Alyse,user
Domain Users,adeline.reba,Adeline Reba,user
Domain Users,bella.rora,Bella Rora,user
IT Admins,bella.rora,Bella Rora,user
Domain Users,maye.jacquelin,Maye Jacquelin,user
Domain Users,janelle.gilli,Janelle Gilli,user
Domain Users,kyla.deni,Kyla Deni,user
Domain Users,andra.angele,Andra Angele,user
marketing,andra.angele,Andra Angele,user
Domain Users,portia.stephanie,Portia Stephanie,user
sales,portia.stephanie,Portia Stephanie,user
Domain Users,bobby.irina,Bobby Irina,user
IT Admins,bobby.irina,Bobby Irina,user
Domain Users,freida.estrella,Freida Estrella,user
Domain Users,laurie.loren,Laurie Loren,user
Domain Users,rheba.kippar,Rheba Kippar,user
Domain Users,kerri.cordula,Kerri Cordula,user
Project management,kerri.cordula,Kerri Cordula,user
Domain Users,bari.jessa,Bari Jessa,user
Domain Users,nada.juieta,Nada Juieta,user
Exchange Admins,-,IT Admins,group
DB Admins,-,IT Admins,group
DnsAdmins,-,Project management,group
Domain Computers,exchange_svc$,exchange_svc,computer
Domain Computers,mssql_svc$,mssql_svc,computer
Domain Computers,http_svc$,http_svc,computer
Domain Users,ARiaz,Awais Riaz (DA),user
Domain Admins,ARiaz,Awais Riaz (DA),user
Administrators,ARiaz,Awais Riaz (DA),user
Domain Users,svc_Exchange,svc_Exchange,user
Domain Admins,svc_Exchange,svc_Exchange,user
Domain Users,svc_SQLServer,svc_SQLServer,user
DB Admins,svc_SQLServer,svc_SQLServer,user
Domain Computers,SQL-SERVER1$,SQL-SERVER1,computer
Domain Computers,EXC-SERVER$,EXC-SERVER,computer
